id,correlation,n_items,capacity,greedy_profit,dp_profit,gap,greedy_time,dp_time,best_algorithm
0,strong,100,1180,2889,2903,0.004822597313124354,0.0003494999837130308,0.07288799999514595,dp
1,uncorrelated,100,4106,5146,5146,0.0,0.0001333000254817307,0.26777710003079847,dp
2,uncorrelated,200,3428,6455,6459,0.0006192909119058678,0.0001659000408835709,0.4473604000522755,dp
3,inverse,50,827,2633,2634,0.00037965072133637056,8.600001456215978e-05,0.025264700001571327,dp
4,inverse,100,795,3008,3008,0.0,8.579995483160019e-05,0.04798480001045391,dp
5,weak,50,1573,2697,2703,0.0022197558268590455,7.219996768981218e-05,0.05122209998080507,dp
6,weak,50,1025,1853,1856,0.0016163793103448276,8.150003850460052e-05,0.031446200038772076,dp
7,uncorrelated,200,4956,8105,8110,0.0006165228113440197,0.00024230004055425525,0.6517421000171453,dp
8,inverse,50,1540,2529,2529,0.0,8.28000484034419e-05,0.048723499989137053,dp
9,uncorrelated,100,2834,4343,4352,0.002068014705882353,0.00011150003410875797,0.1841128999949433,dp
10,weak,200,6760,11449,11449,0.0,0.00016470003174617887,0.9130914999986999,dp
11,uncorrelated,50,1201,1820,1820,0.0,8.160003926604986e-05,0.038263400027062744,dp
12,weak,50,368,1054,1054,0.0,7.069995626807213e-05,0.010135999997146428,dp
13,uncorrelated,100,2868,4557,4561,0.0008770006577504934,9.220000356435776e-05,0.18699539999943227,dp
14,inverse,50,1370,2927,2929,0.0006828269033799932,8.349999552592635e-05,0.0434302999638021,dp
15,strong,50,334,859,862,0.0034802784222737818,6.54000323265791e-05,0.009338500036392361,dp
16,strong,50,258,651,657,0.0091324200913242,8.349999552592635e-05,0.006917899998370558,dp
17,inverse,50,1204,3030,3030,0.0,6.970000686123967e-05,0.040312099969014525,dp
18,weak,100,3831,6097,6114,0.002780503761858031,0.00011359999189153314,0.25596340000629425,dp
19,uncorrelated,50,680,1313,1313,0.0,7.430004188790917e-05,0.0203604000271298,dp
20,weak,50,1886,2975,2978,0.0010073875083948958,7.340003503486514e-05,0.05928780004614964,dp
21,strong,50,1017,2343,2370,0.01139240506329114,6.819999543949962e-05,0.03275430004578084,dp
22,weak,50,1715,2750,2751,0.0003635041802980734,7.190002361312509e-05,0.053591599978972226,dp
23,uncorrelated,100,2102,3400,3413,0.003808965719308526,9.879999561235309e-05,0.13652749999891967,dp
24,uncorrelated,50,1036,2192,2192,0.0,8.069997420534492e-05,0.032698500028345734,dp
25,inverse,200,3189,9797,9801,0.00040812162024283236,0.00016110000433400273,0.4123267999966629,dp
26,strong,50,2109,4637,4644,0.0015073212747631353,8.379999781027436e-05,0.06732529995497316,dp
27,weak,50,2199,3452,3458,0.001735106998264893,7.349997758865356e-05,0.07084219995886087,dp
28,inverse,200,2052,8682,8685,0.0003454231433506045,0.00015009997878223658,0.26344730000710115,dp
29,weak,50,1323,2305,2310,0.0021645021645021645,8.669996168464422e-05,0.04118659999221563,dp
30,inverse,50,1741,3347,3347,0.0,7.150002056732774e-05,0.05695679999189451,dp
31,weak,50,376,917,930,0.013978494623655914,6.410002242773771e-05,0.010414999967906624,dp
32,strong,50,412,1075,1084,0.008302583025830259,5.540001438930631e-05,0.01150459999917075,dp
33,uncorrelated,100,3670,4650,4656,0.001288659793814433,0.00010389997623860836,0.23679960001027212,dp
34,inverse,100,1858,4775,4777,0.0004186728072011723,0.00011190003715455532,0.1202952999738045,dp
35,inverse,100,2777,5607,5638,0.005498403689251507,0.00011299998732283711,0.17705360002582893,dp
36,inverse,100,1197,4656,4668,0.002570694087403599,0.00010989996371790767,0.07725959998788312,dp
37,strong,50,1147,2663,2677,0.005229734777736272,7.420004112645984e-05,0.035350200021639466,dp
38,uncorrelated,50,1783,2188,2188,0.0,7.03000114299357e-05,0.056405400042422116,dp
39,uncorrelated,200,5829,8633,8633,0.0,0.0001610000035725534,0.7550357000436634,dp
40,strong,200,8646,19227,19288,0.003162588137702198,0.00019260001135990024,1.1260089999996126,dp
41,uncorrelated,100,4560,4344,4345,0.00023014959723820482,0.00012659997446462512,0.2974359000218101,dp
42,strong,100,3981,8805,8817,0.0013610071452875127,0.00012929999502375722,0.25723739998647943,dp
43,uncorrelated,50,554,1098,1106,0.007233273056057866,7.720000576227903e-05,0.016435900004580617,dp
44,strong,50,569,1369,1389,0.014398848092152628,5.97000471316278e-05,0.017193300009239465,dp
45,uncorrelated,100,3216,4708,4720,0.002542372881355932,0.00010130001464858651,0.2294465999584645,dp
46,uncorrelated,50,871,1581,1593,0.007532956685499058,9.059999138116837e-05,0.02643760002683848,dp
47,inverse,100,3392,5436,5436,0.0,0.0001145999995060265,0.22722960001556203,dp
48,uncorrelated,50,1450,2016,2025,0.0044444444444444444,9.390001650899649e-05,0.04537669999990612,dp
49,weak,50,1175,2107,2109,0.000948316737790422,7.71000050008297e-05,0.037503100000321865,dp
50,inverse,200,1996,8125,8133,0.0009836468707733923,0.0001537000061944127,0.25704210001276806,dp
51,uncorrelated,100,3121,4446,4452,0.0013477088948787063,0.0001145999995060265,0.2007976999739185,dp
52,strong,100,1951,4628,4650,0.004731182795698925,0.00010649999603629112,0.12637369998265058,dp
53,weak,100,2705,4858,4869,0.002259190798932019,0.000112100038677454,0.17684780003037304,dp
54,weak,200,4230,8146,8155,0.001103617412630288,0.00017420004587620497,0.5559877000050619,dp
55,inverse,200,5215,9812,9813,0.00010190563538163661,0.00017980003030970693,0.684753300040029,dp
56,uncorrelated,50,772,1425,1425,0.0,8.600001456215978e-05,0.028714300016872585,dp
57,uncorrelated,200,8152,9585,9587,0.00020861583394179617,0.00022470002295449376,1.0898030999815091,dp
58,uncorrelated,100,513,1954,1954,0.0,0.00010569998994469643,0.030784200003836304,dp
59,uncorrelated,200,5176,8166,8168,0.0002448579823702253,0.00017010001465678215,0.6777941000182182,dp
60,weak,100,2027,3862,3872,0.0025826446280991736,0.00010850001126527786,0.13178000005427748,dp
61,inverse,50,1964,3108,3108,0.0,8.749996777623892e-05,0.06523270002799109,dp
62,weak,100,1530,3050,3055,0.0016366612111292963,0.00010539998766034842,0.09749339998234063,dp
63,weak,100,1593,3391,3397,0.001766264350897851,0.00010840001050382853,0.10619370004860684,dp
64,uncorrelated,50,1331,2263,2282,0.008326029798422436,9.689998114481568e-05,0.04266480001388118,dp
65,inverse,100,1523,4163,4163,0.0,9.759998647496104e-05,0.09903859999030828,dp
66,inverse,50,878,2188,2194,0.0027347310847766638,7.740000728517771e-05,0.027721400023438036,dp
67,uncorrelated,200,1544,4199,4201,0.00047607712449416806,0.0001343999756500125,0.19883969996590167,dp
68,strong,100,4182,9235,9259,0.002592072578032185,0.00011929997708648443,0.27718480001203716,dp
69,strong,50,503,1266,1269,0.002364066193853428,8.019997039809823e-05,0.014857699978165329,dp
70,inverse,100,791,3521,3525,0.0011347517730496454,0.00010389997623860836,0.04929860000265762,dp
71,weak,200,2995,6352,6361,0.001414871875491275,0.00019809999503195286,0.3958721000235528,dp
72,weak,50,1829,2962,2962,0.0,8.399999933317304e-05,0.05841070000315085,dp
73,uncorrelated,50,527,1392,1397,0.0035790980672870437,7.569999434053898e-05,0.01572129997657612,dp
74,strong,100,1157,2792,2794,0.0007158196134574087,0.00010339997243136168,0.07871079997858033,dp
75,uncorrelated,200,2513,5582,5583,0.00017911517105498835,0.00015869998605921865,0.33488799998303875,dp
76,weak,100,1669,3400,3401,0.00029403116730373417,0.00010099995415657759,0.11157619999721646,dp
77,strong,50,786,1847,1879,0.017030335284725917,8.560001151636243e-05,0.0250314999721013,dp
78,uncorrelated,100,2617,3911,3911,0.0,0.00010839995229616761,0.1702509000315331,dp
79,strong,100,2039,4822,4826,0.0008288437629506838,9.739998495206237e-05,0.13528409996069968,dp
80,strong,50,252,717,725,0.011034482758620689,7.470004493370652e-05,0.006753800029400736,dp
81,uncorrelated,50,1152,1816,1817,0.000550357732526142,6.859999848529696e-05,0.036283799970988184,dp
82,weak,50,1825,2793,2794,0.00035790980672870435,7.14000198058784e-05,0.05895920004695654,dp
83,strong,50,660,1586,1612,0.016129032258064516,7.839995669201016e-05,0.020122700021602213,dp
84,strong,200,8399,18649,18675,0.001392235609103079,0.00019230000907555223,1.1287692000041716,dp
85,weak,200,2647,5770,5782,0.0020754064337599448,0.00016840000171214342,0.36374549998436123,dp
86,strong,200,7448,16983,16983,0.0,0.00020729994866997004,0.9993736000033095,dp
87,weak,50,1723,2950,2953,0.001015916017609211,8.600001456215978e-05,0.05724930000724271,dp
88,strong,50,1170,2735,2755,0.007259528130671506,8.450000314041972e-05,0.03727309999521822,dp
89,weak,100,658,1560,1560,0.0,8.349999552592635e-05,0.04048739996505901,dp
90,strong,100,4668,10246,10300,0.005242718446601942,0.000116499955765903,0.3191936999792233,dp
91,weak,50,1140,2096,2123,0.012717852096090438,9.799998952075839e-05,0.03589469997677952,dp
92,uncorrelated,50,946,1987,1988,0.0005030181086519115,7.149996235966682e-05,0.028696099994704127,dp
93,strong,50,1675,3690,3758,0.018094731240021287,8.670001989230514e-05,0.052614199987147,dp
94,strong,50,960,2132,2192,0.02737226277372263,6.900000153109431e-05,0.02955370000563562,dp
95,uncorrelated,50,998,2100,2100,0.0,6.629998097196221e-05,0.0305981999845244,dp
96,strong,100,1965,4585,4617,0.006930907515702837,9.869999485090375e-05,0.13014159997692332,dp
97,uncorrelated,50,1112,1888,1905,0.008923884514435695,7.569999434053898e-05,0.03552189999027178,dp
98,uncorrelated,50,2084,2835,2835,0.0,7.450004341080785e-05,0.0680908000213094,dp
99,uncorrelated,50,262,890,910,0.02197802197802198,6.980000762268901e-05,0.007015099981799722,dp
100,weak,200,1136,3212,3217,0.001554243083618278,0.00014140002895146608,0.14502779999747872,dp
101,uncorrelated,50,638,1398,1427,0.020322354590049056,7.579999510198832e-05,0.018819599994458258,dp
102,weak,100,3221,5557,5568,0.0019755747126436784,0.00011100003030151129,0.212706700025592,dp
103,strong,100,1794,4224,4258,0.007984969469234382,9.809999028220773e-05,0.11779230000684038,dp
104,strong,50,1932,4302,4332,0.006925207756232687,8.599995635449886e-05,0.06299290002789348,dp
105,inverse,50,1323,3050,3050,0.0,9.609997505322099e-05,0.04184019996318966,dp
106,weak,100,2418,4324,4326,0.0004623208506703652,0.00012809998588636518,0.15531609999015927,dp
107,strong,50,2125,4665,4682,0.003630926954293037,8.540000999346375e-05,0.06833709997590631,dp
108,strong,100,4476,9935,9946,0.0011059722501508143,0.0001235000090673566,0.2983000000240281,dp
109,weak,200,5674,10154,10166,0.0011804052724768838,0.00017099996330216527,0.7595263000112027,dp
110,weak,50,1567,2689,2703,0.005179430262671106,0.00011220003943890333,0.04983960004756227,dp
111,strong,50,1563,3478,3510,0.009116809116809116,0.00010689999908208847,0.04898210003739223,dp
112,inverse,100,2080,4960,4967,0.0014093013891685123,0.00010840001050382853,0.13701320003019646,dp
113,weak,50,1109,2151,2169,0.008298755186721992,8.200004231184721e-05,0.0356368999928236,dp
114,inverse,100,2570,4981,4981,0.0,0.00012609997065737844,0.16480349999619648,dp
115,strong,100,2054,4803,4810,0.0014553014553014554,0.00025459995958954096,0.13306859997101128,dp
116,uncorrelated,50,319,1206,1206,0.0,7.860001642256975e-05,0.009680100018158555,dp
117,uncorrelated,100,1869,3634,3634,0.0,0.00011490000179037452,0.12576750002335757,dp
118,strong,100,668,1727,1742,0.008610792192881744,0.00010360003216192126,0.0407563999760896,dp
119,strong,50,1030,2369,2370,0.0004219409282700422,7.589999586343765e-05,0.03391669999109581,dp
120,weak,50,1580,2482,2492,0.0040128410914927765,7.680000271648169e-05,0.05253360001370311,dp
121,strong,50,262,673,673,0.0,8.000002708286047e-05,0.007189400028437376,dp
122,inverse,200,7814,11828,11830,0.000169061707523246,0.00020059995586052537,1.0402493000146933,dp
123,weak,100,4469,6836,6847,0.0016065430115378997,0.00012019998393952847,0.295620399992913,dp
124,weak,200,1567,3873,3886,0.0033453422542460112,0.00013770000077784061,0.19997700001113117,dp
125,strong,50,989,2300,2326,0.01117798796216681,8.030002936720848e-05,0.029901400033850223,dp
126,inverse,50,463,1581,1581,0.0,5.989999044686556e-05,0.01331509998999536,dp
127,uncorrelated,50,685,1364,1368,0.0029239766081871343,6.210000719875097e-05,0.02132900001015514,dp
128,strong,50,467,1146,1185,0.03291139240506329,6.10999995842576e-05,0.013712499989196658,dp
129,strong,200,7309,16393,16439,0.0027982237362369974,0.00017249997472390532,0.9885343000059947,dp
130,weak,100,3295,5767,5773,0.0010393209769617184,0.00011780002387240529,0.23149320000084117,dp
131,strong,50,357,922,922,0.0,7.930002175271511e-05,0.00966300000436604,dp
132,strong,100,2752,6331,6343,0.0018918492826738137,7.579999510198832e-05,0.17915759998140857,dp
133,weak,100,4414,6830,6834,0.000585308750365818,0.0001333000254817307,0.29321340000024065,dp
134,inverse,50,978,2719,2720,0.0003676470588235294,8.239998714998364e-05,0.030698499991558492,dp
135,strong,50,1843,4194,4249,0.012944222169922335,8.030002936720848e-05,0.05960640002740547,dp
136,uncorrelated,50,1780,2394,2398,0.0016680567139282735,8.440000237897038e-05,0.058091300015803427,dp
137,weak,50,1219,2110,2112,0.000946969696969697,7.569999434053898e-05,0.03832350001903251,dp
138,strong,100,3549,7942,7968,0.003263052208835341,0.00010520004434511065,0.23563629999989644,dp
139,weak,100,1632,3239,3244,0.0015413070283600493,0.00010899995686486363,0.1056512999930419,dp
140,uncorrelated,50,1533,2242,2244,0.00089126559714795,8.440000237897038e-05,0.0518399000284262,dp
141,uncorrelated,50,1082,1862,1862,0.0,8.099997648969293e-05,0.0332100999657996,dp
142,uncorrelated,100,3647,5071,5071,0.0,0.0001058999914675951,0.24235850002150983,dp
143,strong,100,856,2197,2204,0.003176043557168784,0.00010140001541003585,0.05417760001728311,dp
144,uncorrelated,100,1743,3875,3875,0.0,0.00010609999299049377,0.11049250001087785,dp
145,inverse,100,1976,5210,5210,0.0,0.00011470000026747584,0.12591349997092038,dp
146,uncorrelated,50,1936,2451,2451,0.0,8.509994950145483e-05,0.06204689998412505,dp
147,uncorrelated,50,1703,2203,2205,0.0009070294784580499,7.529999129474163e-05,0.05647539999336004,dp
148,uncorrelated,50,557,1174,1181,0.0059271803556308214,7.090001599863172e-05,0.016982499975711107,dp
149,inverse,100,3780,6124,6124,0.0,0.00010460003977641463,0.255815300042741,dp
150,inverse,200,7355,12045,12048,0.000249003984063745,0.0001941000227816403,0.9851222000434063,dp
151,uncorrelated,100,1829,3273,3273,0.0,0.00011020002420991659,0.12547649996122345,dp
152,uncorrelated,100,4047,4813,4813,0.0,0.00011779996566474438,0.2583648000145331,dp
153,uncorrelated,50,1777,2125,2125,0.0,8.179998258128762e-05,0.05613059998722747,dp
154,uncorrelated,100,2264,3999,4009,0.002494387627837366,0.00010220002150163054,0.14472780004143715,dp
155,uncorrelated,100,2212,3759,3763,0.0010629816635663034,0.00011070002801716328,0.14192710001952946,dp
156,weak,200,2377,5239,5242,0.0005723006486074017,0.00015670002903789282,0.3085332000046037,dp
157,inverse,100,2597,5144,5147,0.0005828638041577618,0.00011510000331327319,0.16654710000148043,dp
158,strong,100,3889,8793,8793,0.0,0.00011950003681704402,0.25293800001963973,dp
159,inverse,200,4724,9719,9720,0.00010288065843621399,0.00018019997514784336,0.6140962999779731,dp
160,strong,50,1989,4431,4447,0.0035979311895659996,9.320001117885113e-05,0.06317249999847263,dp
161,inverse,50,1194,3100,3100,0.0,7.369997911155224e-05,0.0378772999974899,dp
162,uncorrelated,100,781,2121,2142,0.00980392156862745,0.00010160001693293452,0.04707149998284876,dp
163,uncorrelated,100,2269,3608,3608,0.0,0.00010169995948672295,0.14519329997710884,dp
164,strong,100,2600,5931,5937,0.001010611419909045,0.00011029996676370502,0.17052340001100674,dp
165,weak,50,968,1688,1709,0.012287887653598596,7.599999662488699e-05,0.029222700046375394,dp
166,uncorrelated,100,1788,3698,3705,0.0018893387314439945,0.00010430003749206662,0.11346409999532625,dp
167,inverse,50,1341,2781,2781,0.0,7.890001870691776e-05,0.04218409996246919,dp
168,inverse,50,1162,2724,2726,0.0007336757153338225,6.779999239370227e-05,0.03636720002396032,dp
169,uncorrelated,50,643,1419,1419,0.0,6.450002547353506e-05,0.019394500006455928,dp
170,weak,100,4097,6407,6431,0.003731923495568341,0.00010369997471570969,0.26630929997190833,dp
171,uncorrelated,50,2027,2081,2081,0.0,8.440000237897038e-05,0.06532759999390692,dp
172,strong,100,2754,6353,6363,0.0015715857300015717,0.0001162000116892159,0.1737241999944672,dp
173,weak,100,2447,4433,4439,0.0013516557783284523,0.00011160003487020731,0.15802209998946637,dp
174,inverse,200,8948,11628,11628,0.0,0.0001996000064536929,1.1838251000153832,dp
175,inverse,50,470,2085,2087,0.0009583133684714902,8.339999476447701e-05,0.013820599997416139,dp
176,weak,50,1910,3230,3234,0.0012368583797155227,6.560003384947777e-05,0.061564499977976084,dp
177,inverse,200,3860,9141,9141,0.0,0.00017519999528303742,0.5171823999844491,dp
178,strong,50,645,1548,1565,0.010862619808306708,8.069997420534492e-05,0.01973790000192821,dp
179,uncorrelated,100,2803,4071,4072,0.0002455795677799607,0.00010289996862411499,0.1871263000066392,dp
180,strong,200,4637,10712,10720,0.0007462686567164179,0.00029420002829283476,0.6379493999993429,dp
181,inverse,50,1235,2391,2391,0.0,8.159998105838895e-05,0.04363809997448698,dp
182,weak,100,1388,2868,2874,0.0020876826722338203,0.00010790000669658184,0.08902220003074035,dp
183,uncorrelated,200,4524,7938,7944,0.0007552870090634441,0.00017640000442042947,0.6033990000141785,dp
184,inverse,100,3765,5947,5948,0.00016812373907195696,0.0001086000120267272,0.2481312999734655,dp
185,inverse,200,6486,11774,11776,0.00016983695652173913,0.0001881999778561294,0.8582231000182219,dp
186,inverse,50,948,2600,2601,0.00038446751249519417,8.00999696366489e-05,0.029963399982079864,dp
187,weak,100,4053,6544,6547,0.00045822514128608525,0.0001238000113517046,0.26941000000806525,dp
188,inverse,100,2802,5733,5735,0.0003487358326068004,0.00013070000568404794,0.18867810000665486,dp
189,uncorrelated,50,1690,2133,2139,0.002805049088359046,8.279999019578099e-05,0.054374100000131875,dp
190,strong,50,863,2028,2028,0.0,7.760000880807638e-05,0.026553999981842935,dp
191,uncorrelated,50,932,2037,2039,0.000980872976949485,7.440004264935851e-05,0.02976570004830137,dp
192,strong,50,818,1945,1958,0.006639427987742594,7.33000342734158e-05,0.024756699975114316,dp
193,inverse,100,1366,4715,4715,0.0,9.320001117885113e-05,0.08674060000339523,dp
194,weak,100,3857,6242,6245,0.00048038430744595676,0.00012809998588636518,0.2512881000293419,dp
195,uncorrelated,100,3577,5181,5185,0.0007714561234329798,0.00011899997480213642,0.23091519996523857,dp
196,strong,200,2459,5986,5988,0.00033400133600534405,0.00017279997700825334,0.3215790999820456,dp
197,uncorrelated,50,556,1401,1409,0.0056777856635912,7.870001718401909e-05,0.016526299994438887,dp
198,weak,100,4573,6913,6928,0.0021651270207852192,0.00010080001084133983,0.3063358999788761,dp
199,strong,200,3762,9039,9043,0.00044233108481698554,0.00017340003978461027,0.49850680003874004,dp
200,inverse,50,1641,3206,3206,0.0,8.420000085607171e-05,0.054707499977666885,dp
201,weak,200,3118,6682,6684,0.0002992220227408737,0.0001631999621167779,0.4080080999992788,dp
202,inverse,100,2888,5372,5376,0.000744047619047619,0.000125700025819242,0.18760470004053786,dp
203,weak,50,1525,2613,2618,0.0019098548510313217,8.189998334273696e-05,0.04991569998674095,dp
204,uncorrelated,50,1871,2446,2448,0.0008169934640522876,8.829997386783361e-05,0.0605457000201568,dp
205,inverse,100,2761,6216,6216,0.0,0.00012379995314404368,0.18082479998702183,dp
206,strong,200,5821,13384,13400,0.0011940298507462687,0.00016830000095069408,0.7591069000191055,dp
207,weak,100,1487,2960,2973,0.004372687521022536,0.00011040002573281527,0.09421270003076643,dp
208,uncorrelated,50,1723,2431,2439,0.003280032800328003,8.650001836940646e-05,0.05561390001093969,dp
209,uncorrelated,50,2103,2133,2133,0.0,8.079997496679425e-05,0.0671674000332132,dp
210,uncorrelated,50,1760,2633,2634,0.00037965072133637056,9.839999256655574e-05,0.05674430000362918,dp
211,inverse,100,1033,4069,4078,0.002206964198136341,0.00010030000703409314,0.06579289998626336,dp
212,inverse,50,1471,2493,2495,0.0008016032064128256,0.0001047999830916524,0.04883699998026714,dp
213,strong,50,1023,2352,2389,0.015487651737128506,7.799995364621282e-05,0.03310900001088157,dp
214,inverse,100,719,4082,4086,0.0009789525208027412,0.00011069996980950236,0.04786450002575293,dp
215,weak,100,2902,4913,4938,0.005062778452814905,0.00010819995077326894,0.18458890001056716,dp
216,strong,100,2189,5117,5121,0.0007810974419058778,0.0001132000470533967,0.13968490000115708,dp
217,weak,50,385,853,853,0.0,7.27999722585082e-05,0.010698299971409142,dp
218,uncorrelated,200,6219,8834,8840,0.0006787330316742081,0.00016689999029040337,0.8078326999675483,dp
219,weak,100,1957,3482,3485,0.000860832137733142,0.00011049996828660369,0.12277529999846593,dp
220,inverse,100,3512,6083,6083,0.0,0.00012139999307692051,0.22536149999359623,dp
221,strong,200,7520,16825,16858,0.00195752758334322,0.00016170000890269876,1.0252725000027567,dp
222,uncorrelated,50,1357,2393,2393,0.0,8.909997995942831e-05,0.045358499977737665,dp
223,inverse,50,2099,3094,3094,0.0,8.9899986051023e-05,0.06660520000150427,dp
224,weak,100,4543,7022,7049,0.003830330543339481,0.00012089998926967382,0.29414910002378747,dp
225,strong,200,7666,17206,17214,0.000464738003950273,0.00019419996533542871,1.0103114999947138,dp
226,inverse,50,1960,2829,2829,0.0,8.589995559304953e-05,0.061587399977725,dp
227,inverse,50,422,1704,1710,0.0035087719298245615,8.09000339359045e-05,0.011960200034081936,dp
228,inverse,50,1516,2971,2973,0.0006727211570803902,6.629998097196221e-05,0.0479361999896355,dp
229,weak,50,2263,3358,3361,0.0008925914906277894,7.770000956952572e-05,0.07704369997372851,dp
230,weak,50,975,1807,1811,0.0022087244616234127,8.47000046633184e-05,0.03296829998726025,dp
231,inverse,200,2440,7756,7770,0.0018018018018018018,0.00014560000272467732,0.3201112999813631,dp
232,uncorrelated,50,983,1842,1847,0.0027070925825663237,7.810001261532307e-05,0.03149700001813471,dp
233,weak,100,1884,3559,3567,0.00224278104850014,0.00010919995838776231,0.12057229998754337,dp
234,uncorrelated,50,648,1605,1620,0.009259259259259259,8.52999510243535e-05,0.019988799991551787,dp
235,uncorrelated,50,410,1187,1187,0.0,6.769999163225293e-05,0.011889499961398542,dp
236,weak,50,1623,2838,2851,0.004559803577692038,5.299999611452222e-05,0.05216259998269379,dp
237,strong,200,3235,7689,7702,0.0016878732796676188,0.00014919997192919254,0.4237385999877006,dp
238,weak,50,1249,2247,2279,0.014041246160596753,7.919996278360486e-05,0.03891449997900054,dp
239,inverse,100,1081,3947,3950,0.0007594936708860759,9.489996591582894e-05,0.06678789999568835,dp
240,strong,100,3915,8739,8747,0.0009145992911855493,0.0001050999853760004,0.25554209999972954,dp
241,inverse,50,594,1967,1969,0.001015744032503809,0.0001194999786093831,0.01729639997938648,dp
242,weak,50,1755,2817,2853,0.012618296529968454,7.049995474517345e-05,0.05542059999424964,dp
243,inverse,50,1734,3062,3062,0.0,7.720000576227903e-05,0.0546934999874793,dp
244,strong,50,1936,4350,4397,0.010689106208778713,9.360001422464848e-05,0.06341230001999065,dp
245,uncorrelated,200,5224,7935,7936,0.00012600806451612903,0.00018889998318627477,0.6799313999945298,dp
246,strong,100,1947,4551,4604,0.011511728931364032,0.00011040002573281527,0.12539550004294142,dp
247,uncorrelated,100,838,2179,2183,0.0018323408153916628,9.960000170394778e-05,0.05211680004140362,dp
248,uncorrelated,50,1089,1924,1924,0.0,0.00011520000407472253,0.034624500025529414,dp
249,inverse,50,2239,2771,2771,0.0,7.110001752153039e-05,0.07347519998438656,dp
250,inverse,50,2223,2704,2704,0.0,8.289999095723033e-05,0.07002970000030473,dp
251,uncorrelated,50,1999,2288,2290,0.0008733624454148472,8.029997115954757e-05,0.0645037000067532,dp
252,inverse,100,2132,5240,5244,0.0007627765064836003,0.0001010000123642385,0.13721380004426464,dp
253,weak,50,624,1322,1322,0.0,7.109995931386948e-05,0.018886399979237467,dp
254,uncorrelated,50,1034,1854,1858,0.002152852529601722,6.429996574297547e-05,0.032425799989141524,dp
255,inverse,200,4471,9822,9862,0.004055972419387548,0.0001610000035725534,0.590660099987872,dp
256,weak,50,959,1783,1801,0.009994447529150472,0.00018289999570697546,0.02983049995964393,dp
257,inverse,50,2218,2759,2759,0.0,8.269998943433166e-05,0.07348029996501282,dp
258,inverse,50,352,1768,1768,0.0,7.459998596459627e-05,0.009592499991413206,dp
259,inverse,100,1428,4087,4087,0.0,9.119999594986439e-05,0.0897094999672845,dp
260,weak,100,3765,6047,6050,0.0004958677685950413,0.00011299998732283711,0.2494917999720201,dp
261,inverse,50,2343,2838,2838,0.0,8.460000390186906e-05,0.07452749996446073,dp
262,strong,50,1357,3116,3146,0.009535918626827717,0.00010799994925037026,0.04333690000930801,dp
263,strong,50,1882,4220,4242,0.005186232909005186,7.880001794546843e-05,0.059632400050759315,dp
264,strong,100,1587,3821,3828,0.0018286311389759666,0.00010000000474974513,0.09855890000471845,dp
265,weak,50,1817,3033,3041,0.0026307135810588623,7.960002403706312e-05,0.057266200019512326,dp
266,weak,50,1361,2614,2614,0.0,8.710002293810248e-05,0.04292780003743246,dp
267,uncorrelated,100,3226,4640,4653,0.0027938964109176876,0.00011209998046979308,0.21202989999437705,dp
268,strong,100,1554,3662,3672,0.0027233115468409588,0.0001278999843634665,0.098974599968642,dp
269,inverse,100,1259,4184,4184,0.0,0.00010990002192556858,0.07860620005521923,dp
270,strong,100,2430,5712,5712,0.0,0.00011399999493733048,0.15402269997866824,dp
271,weak,200,2325,5417,5417,0.0,0.00015549996169283986,0.300234200025443,dp
272,inverse,200,8057,11590,11590,0.0,0.00019480002811178565,1.0637184999650344,dp
273,inverse,50,1878,3070,3070,0.0,0.0001010000123642385,0.05862580001121387,dp
274,strong,50,1543,3479,3494,0.004293073840870063,8.259998867288232e-05,0.04841280000982806,dp
275,uncorrelated,100,4495,5357,5357,0.0,0.00011000002268701792,0.29111030005151406,dp
276,inverse,50,908,2398,2398,0.0,8.3099992480129e-05,0.029275799985043705,dp
277,strong,50,1563,3537,3544,0.0019751693002257337,8.120003622025251e-05,0.05077710002660751,dp
278,uncorrelated,200,1736,4587,4587,0.0,0.00015109998639672995,0.22336259996518493,dp
279,weak,50,1222,2230,2240,0.004464285714285714,8.230004459619522e-05,0.03746090002823621,dp
280,weak,50,2036,3202,3228,0.0080545229244114,7.24999699741602e-05,0.06449389999033883,dp
281,uncorrelated,50,2567,2554,2554,0.0,8.289999095723033e-05,0.08249760000035167,dp
282,inverse,100,1867,5111,5111,0.0,0.00012260000221431255,0.12074240000220016,dp
283,inverse,100,2687,5003,5005,0.0003996003996003996,0.00011059996904805303,0.17349479999393225,dp
284,strong,50,1289,2948,2969,0.007073088582014146,8.50000069476664e-05,0.04461300000548363,dp
285,strong,50,1774,4033,4047,0.003459352606869286,8.600001456215978e-05,0.0607991999713704,dp
286,strong,50,2495,5462,5533,0.012832098319175854,7.939996430650353e-05,0.08221429999684915,dp
287,uncorrelated,200,2146,5497,5503,0.0010903143739778303,0.00014179997378960252,0.27967109996825457,dp
288,weak,50,2054,3265,3273,0.002444240757714635,8.709996473044157e-05,0.06684829998994246,dp
289,uncorrelated,50,1686,2477,2477,0.0,0.0001542000100016594,0.05483899998944253,dp
290,weak,100,3266,5638,5643,0.000886053517632465,0.00015790003817528486,0.21612270001787692,dp
291,inverse,100,1668,5208,5210,0.00038387715930902113,0.00011249998351559043,0.10674750001635402,dp
292,strong,200,5529,12712,12728,0.001257071024512885,0.0001781000173650682,0.7424537999904715,dp
293,weak,50,1507,2535,2556,0.008215962441314555,8.499994874000549e-05,0.04805590002797544,dp
294,weak,100,3076,5097,5110,0.002544031311154599,0.00010740000288933516,0.20550820004427806,dp
295,strong,50,824,1888,1908,0.010482180293501049,8.099997648969293e-05,0.026119999994989485,dp
296,inverse,100,4040,5409,5409,0.0,0.00011039996752515435,0.2672485000221059,dp
297,strong,50,1049,2459,2467,0.0032428050263477908,7.960002403706312e-05,0.03334309998899698,dp
298,inverse,50,808,1884,1888,0.00211864406779661,7.06000137142837e-05,0.02505689999088645,dp
299,strong,50,1996,4427,4458,0.006953790937640198,7.830001413822174e-05,0.06461760000092909,dp
300,uncorrelated,50,2369,2696,2699,0.0011115227862171174,9.099999442696571e-05,0.0768038000096567,dp
301,strong,50,535,1279,1295,0.012355212355212355,9.919999865815043e-05,0.015968199993949383,dp
302,weak,50,804,1523,1543,0.012961762799740765,6.940000457689166e-05,0.02567329996963963,dp
303,uncorrelated,50,703,1539,1539,0.0,7.90000194683671e-05,0.02109359996393323,dp
304,weak,50,360,886,906,0.02207505518763797,6.200000643730164e-05,0.010016300017014146,dp
305,weak,50,273,747,750,0.004,5.219999002292752e-05,0.007001499994657934,dp
306,uncorrelated,100,1428,3384,3388,0.0011806375442739079,7.360003655776381e-05,0.08963949995813891,dp
307,inverse,50,335,1336,1337,0.0007479431563201197,6.839999696239829e-05,0.009167600015643984,dp
308,inverse,100,1575,4668,4674,0.0012836970474967907,0.00010109995491802692,0.09933699999237433,dp
309,uncorrelated,50,1376,2249,2249,0.0,7.670000195503235e-05,0.04360620002262294,dp
310,weak,50,850,1717,1717,0.0,6.19000056758523e-05,0.026522799977101386,dp
311,uncorrelated,100,1354,3126,3136,0.0031887755102040817,9.270000737160444e-05,0.0864212000160478,dp
312,strong,50,1599,3620,3668,0.013086150490730643,7.430004188790917e-05,0.05163240002002567,dp
313,inverse,50,1061,2550,2551,0.0003920031360250882,7.209996692836285e-05,0.03311090002534911,dp
314,inverse,50,1886,2681,2681,0.0,7.149996235966682e-05,0.059990999987348914,dp
315,uncorrelated,100,451,2027,2036,0.0044204322200392925,8.639995940029621e-05,0.02630730002420023,dp
316,strong,50,1467,3294,3335,0.012293853073463269,7.829995593056083e-05,0.04681700002402067,dp
317,strong,50,597,1477,1514,0.02443857331571995,7.559999357908964e-05,0.018298199982382357,dp
318,weak,50,1797,2832,2840,0.0028169014084507044,7.06000137142837e-05,0.0562190999626182,dp
319,weak,50,2036,3331,3340,0.002694610778443114,7.400003960356116e-05,0.06413390004308894,dp
320,strong,50,530,1354,1359,0.003679175864606328,6.890000076964498e-05,0.016270600026473403,dp
321,inverse,50,914,3021,3021,0.0,7.040001219138503e-05,0.028238200000487268,dp
322,inverse,100,1481,4725,4728,0.0006345177664974619,9.469996439293027e-05,0.09358220000285655,dp
323,weak,200,7690,12230,12231,8.17594636579184e-05,0.00019099999917671084,0.9955945999827236,dp
324,uncorrelated,50,543,1408,1408,0.0,7.870001718401909e-05,0.015734400018118322,dp
325,weak,50,1630,2774,2774,0.0,7.190002361312509e-05,0.05138979997718707,dp
326,strong,50,1439,3283,3289,0.0018242626938279112,6.57000346109271e-05,0.045531800016760826,dp
327,weak,50,1928,3081,3092,0.0035575679172056922,7.43999844416976e-05,0.06133710005087778,dp
328,strong,100,2601,5978,6018,0.006646726487205052,0.0001064000534825027,0.16772269998909906,dp
329,uncorrelated,100,1860,3806,3821,0.003925673907354096,0.0001094000181183219,0.11917610000818968,dp
330,uncorrelated,200,5878,8857,8858,0.00011289230074508918,0.00018859998090192676,0.7602857999736443,dp
331,strong,50,1161,2771,2771,0.0,8.029997115954757e-05,0.03615709999576211,dp
332,uncorrelated,100,3026,4316,4318,0.0004631773969430292,9.950000094249845e-05,0.19251969998003915,dp
333,weak,200,6036,10450,10451,9.56846234810066e-05,0.00028989999555051327,0.778568199952133,dp
334,weak,50,1719,2899,2899,0.0,8.319999324157834e-05,0.05526499997358769,dp
335,strong,200,1307,3410,3423,0.0037978381536663743,0.00014839996583759785,0.16486050002276897,dp
336,uncorrelated,50,464,1169,1186,0.01433389544688027,7.760000880807638e-05,0.013528800045605749,dp
337,strong,50,1355,3029,3055,0.00851063829787234,6.829999620094895e-05,0.042257399996742606,dp
338,weak,100,2686,4823,4835,0.002481902792140641,9.82999918051064e-05,0.17581069999141619,dp
339,uncorrelated,50,268,1146,1146,0.0,7.419998291879892e-05,0.007190000033006072,dp
340,strong,100,3909,8900,8936,0.0040286481647269475,0.00011019996600225568,0.2516598000074737,dp
341,strong,50,949,2202,2209,0.003168854685377999,7.050001295283437e-05,0.029593799961730838,dp
342,strong,50,216,578,593,0.025295109612141653,7.300003198906779e-05,0.005605499958619475,dp
343,uncorrelated,100,1966,3791,3801,0.002630886608787161,9.459996363148093e-05,0.12355369998840615,dp
344,uncorrelated,200,6039,9263,9268,0.0005394907207596029,0.0001867999671958387,0.790919599996414,dp
345,uncorrelated,50,1619,2127,2127,0.0,8.379999781027436e-05,0.05130819999612868,dp
346,uncorrelated,100,3219,4643,4650,0.0015053763440860215,0.00010599999222904444,0.20631579996552318,dp
347,strong,200,4902,11377,11392,0.0013167134831460674,0.00017150002531707287,0.6393721000058576,dp
348,weak,100,2420,4432,4450,0.004044943820224719,0.0001175999641418457,0.15744420001283288,dp
349,inverse,50,965,2568,2573,0.00194325689856199,8.550001075491309e-05,0.029762799968011677,dp
350,strong,50,1015,2369,2375,0.0025263157894736842,7.98000255599618e-05,0.0312928999774158,dp
351,strong,200,8616,19199,19231,0.0016639800322396131,0.00016409996896982193,1.1253075000131503,dp
352,weak,50,906,1715,1723,0.0046430644225188625,8.109997725114226e-05,0.027752299967687577,dp
353,strong,200,4543,10671,10696,0.002337322363500374,0.00016469997353851795,0.5921450999449007,dp
354,weak,50,1961,3160,3175,0.004724409448818898,8.410000009462237e-05,0.060521500010509044,dp
355,uncorrelated,50,2137,2439,2439,0.0,5.23999915458262e-05,0.06682020000880584,dp
356,strong,100,3648,8260,8261,0.0001210507202517855,0.00011770002311095595,0.23162410000804812,dp
357,inverse,100,1475,3849,3849,0.0,0.00010619999375194311,0.09353409998584539,dp
358,inverse,50,530,1930,1930,0.0,7.910002022981644e-05,0.015487599943298846,dp
359,uncorrelated,50,2044,2469,2469,0.0,6.629998097196221e-05,0.06420790002448484,dp
360,weak,50,2126,3419,3425,0.0017518248175182481,7.910002022981644e-05,0.0688668999937363,dp
361,weak,100,1349,2803,2803,0.0,0.00010609999299049377,0.08371500001521781,dp
362,uncorrelated,50,1369,2270,2273,0.0013198416190057193,7.71000050008297e-05,0.04240889998618513,dp
363,strong,200,7169,16221,16221,0.0,0.00017010001465678215,0.9280844000168145,dp
364,weak,50,2323,3554,3567,0.0036445192038127277,8.659996092319489e-05,0.07361020002281293,dp
365,uncorrelated,50,686,1085,1089,0.0036730945821854912,7.320003351196647e-05,0.02015120000578463,dp
366,uncorrelated,50,981,2040,2040,0.0,5.500001134350896e-05,0.033283299999311566,dp
367,strong,100,2523,5953,5960,0.001174496644295302,0.00011090002954006195,0.163682299957145,dp
368,inverse,50,1581,2367,2369,0.0008442380751371887,7.959996582940221e-05,0.04872120002983138,dp
369,strong,50,2473,5419,5454,0.006417308397506418,8.47000046633184e-05,0.07690159999765456,dp
370,uncorrelated,50,1750,2245,2246,0.0004452359750667854,7.879995973780751e-05,0.05758100003004074,dp
371,uncorrelated,50,809,1468,1468,0.0,7.770000956952572e-05,0.02412190003087744,dp
372,inverse,50,1322,2702,2702,0.0,5.9699988923966885e-05,0.03979269997216761,dp
373,inverse,50,748,2253,2256,0.0013297872340425532,4.269997589290142e-05,0.021830799989402294,dp
374,strong,200,3395,8083,8102,0.002345099975314737,0.00012260000221431255,0.4386106000165455,dp
375,uncorrelated,50,2347,2380,2380,0.0,8.520000847056508e-05,0.07396650000009686,dp
376,strong,200,7831,17609,17617,0.00045410682863143557,0.00017040001694113016,1.0285344999865629,dp
377,weak,50,2073,3214,3236,0.006798516687268232,8.759996853768826e-05,0.06652250001206994,dp
378,inverse,200,6121,11286,11286,0.0,0.00022300001000985503,0.7936508000129834,dp
379,inverse,50,578,1690,1693,0.0017720023626698169,7.71000050008297e-05,0.018234599963761866,dp
380,inverse,50,630,2195,2196,0.0004553734061930783,6.390002090483904e-05,0.018932300037704408,dp
381,inverse,200,5519,10807,10809,0.0001850309926912758,0.00015799998072907329,0.7182163000106812,dp
382,weak,50,933,1747,1753,0.0034227039361095267,7.779995212331414e-05,0.028931000037118793,dp
383,uncorrelated,50,1046,2049,2049,0.0,6.67999847792089e-05,0.03187469998374581,dp
384,uncorrelated,100,3983,4872,4874,0.0004103405826836274,0.00010240002302452922,0.26093419996323064,dp
385,uncorrelated,50,1391,2334,2339,0.0021376656690893546,8.939998224377632e-05,0.04378150001866743,dp
386,uncorrelated,50,1967,2194,2194,0.0,7.589999586343765e-05,0.06317109998781234,dp
387,inverse,100,2958,5615,5615,0.0,0.00011549994815140963,0.1895786999957636,dp
388,uncorrelated,100,1449,3019,3040,0.006907894736842105,0.00010960001964122057,0.09098050004104152,dp
389,strong,50,2217,4851,4924,0.014825345247766044,8.020002860575914e-05,0.07222319999709725,dp
390,uncorrelated,200,2272,5250,5259,0.0017113519680547634,0.00017010001465678215,0.2902357999701053,dp
391,weak,50,1062,1820,1847,0.014618299945858148,7.790001109242439e-05,0.032973999972455204,dp
392,inverse,200,3993,8931,8931,0.0,0.0001656000385992229,0.519819599983748,dp
393,inverse,100,4232,5627,5627,0.0,0.00012009998317807913,0.27260889997705817,dp
394,strong,100,1309,3262,3262,0.0,0.00011470000026747584,0.08256999996956438,dp
395,inverse,50,640,2023,2025,0.0009876543209876543,7.229996845126152e-05,0.018893200031016022,dp
396,inverse,200,8819,11891,11901,0.0008402655239055541,0.0001841000048443675,1.1579339999589138,dp
397,inverse,50,692,2612,2612,0.0,7.979996735230088e-05,0.021176000009290874,dp
398,strong,50,2228,4894,4943,0.00991300829455796,7.110001752153039e-05,0.07197219994850457,dp
399,uncorrelated,100,3576,4574,4579,0.0010919414719371041,0.00011199997970834374,0.2323970000143163,dp
400,weak,100,1552,3222,3222,0.0,0.00010699999984353781,0.10054309997940436,dp
401,strong,50,504,1202,1234,0.02593192868719611,0.00014620000729337335,0.014483499980997294,dp
402,uncorrelated,100,3944,4841,4841,0.0,0.00011169997742399573,0.2568279000115581,dp
403,strong,50,830,1949,2005,0.027930174563591023,8.219998562708497e-05,0.025302499998360872,dp
404,strong,200,2361,5851,5857,0.0010244152296397474,0.00020549999317154288,0.3172882000217214,dp
405,weak,200,4120,7752,7757,0.0006445790898543251,0.00019859999883919954,0.5395367999444716,dp
406,inverse,50,429,1820,1820,0.0,8.000002708286047e-05,0.012517299968749285,dp
407,uncorrelated,50,1902,2397,2409,0.0049813200498132005,7.799995364621282e-05,0.061454600014258176,dp
408,weak,200,6342,10567,10567,0.0,0.00015440001152455807,0.8264302000170574,dp
409,inverse,200,4282,9991,10016,0.0024960063897763577,0.00018449994968250394,0.5535932999919169,dp
410,weak,100,2598,4630,4634,0.0008631851532153647,0.00010820000898092985,0.16586599999573082,dp
411,strong,100,4172,9277,9347,0.007489033914625014,0.00012400001287460327,0.26926689996616915,dp
412,weak,50,2202,3328,3387,0.017419545320342487,8.9599983766675e-05,0.06921039998997003,dp
413,strong,100,2459,5672,5696,0.004213483146067416,0.00011869997251778841,0.1549591000075452,dp
414,inverse,50,1543,3430,3430,0.0,8.339999476447701e-05,0.04891469998983666,dp
415,strong,100,4475,9888,9897,0.0009093664746892998,0.0001314000110141933,0.2936751999659464,dp
416,inverse,50,1633,2780,2780,0.0,8.659996092319489e-05,0.05326860002242029,dp
417,uncorrelated,100,3917,4437,4437,0.0,0.00012070004595443606,0.253804600040894,dp
418,uncorrelated,100,3405,4262,4266,0.0009376465072667605,0.00011939997784793377,0.22159580001607537,dp
419,uncorrelated,50,588,1451,1481,0.02025658338960162,7.670000195503235e-05,0.017811300000175834,dp
420,uncorrelated,100,3173,4444,4445,0.0002249718785151856,0.00010689999908208847,0.20612980000441894,dp
421,weak,50,480,994,1007,0.012909632571996028,7.619999814778566e-05,0.013955999980680645,dp
422,uncorrelated,50,999,1588,1596,0.005012531328320802,8.570001227781177e-05,0.031994199962355196,dp
423,uncorrelated,50,1696,2039,2056,0.008268482490272374,6.779999239370227e-05,0.05335250002099201,dp
424,inverse,50,2158,2815,2815,0.0,0.0002305000089108944,0.07005790004041046,dp
425,uncorrelated,50,864,1857,1876,0.010127931769722815,6.0699996538460255e-05,0.027572999999392778,dp
426,strong,50,2203,4791,4823,0.0066348745594028615,8.130003698170185e-05,0.07094700000016019,dp
427,inverse,50,1101,2475,2475,0.0,7.790001109242439e-05,0.03397659998154268,dp
428,inverse,100,785,3493,3504,0.003139269406392694,9.009998757392168e-05,0.04804600001079962,dp
429,weak,100,787,1997,1997,0.0,8.9599983766675e-05,0.047037400014232844,dp
430,strong,50,1089,2560,2570,0.0038910505836575876,6.379996193572879e-05,0.03378529998008162,dp
431,strong,200,5398,12353,12376,0.0018584356819650936,0.00014979997649788857,0.7147460000123829,dp
432,strong,50,1085,2523,2531,0.0031608060055314103,7.999996887519956e-05,0.033686299982946366,dp
433,uncorrelated,100,1362,2933,2940,0.002380952380952381,0.00010269996710121632,0.08424809999996796,dp
434,uncorrelated,50,2120,2577,2577,0.0,8.490000618621707e-05,0.0665090000256896,dp
435,uncorrelated,50,2084,2296,2299,0.0013049151805132667,8.650001836940646e-05,0.06514520000200719,dp
436,inverse,100,2324,5664,5664,0.0,0.00011359999189153314,0.15007289999630302,dp
437,strong,50,1943,4339,4437,0.02208699571782736,8.180004078894854e-05,0.06354339997051284,dp
438,inverse,50,500,2250,2250,0.0,0.0002837999491021037,0.014305800024885684,dp
439,weak,50,2562,3767,3770,0.0007957559681697613,5.8699981309473515e-05,0.08033289999002591,dp
440,inverse,100,3943,5651,5651,0.0,0.0001154000055976212,0.26036409998778254,dp
441,strong,50,1896,4090,4185,0.022700119474313024,8.359999628737569e-05,0.06513010000344366,dp
442,weak,100,1005,2418,2433,0.006165228113440197,0.00010619999375194311,0.0663664999883622,dp
443,weak,200,6135,10570,10585,0.0014170996693434106,0.0001642999704927206,0.8045521000167355,dp
444,strong,50,810,1969,1969,0.0,7.92999635450542e-05,0.025134299998171628,dp
445,uncorrelated,50,1855,2653,2653,0.0,8.499994874000549e-05,0.05862359999446198,dp
446,inverse,200,4033,9097,9099,0.00021980437410704473,0.00017149996710941195,0.5163842000183649,dp
447,uncorrelated,100,770,2075,2085,0.004796163069544364,9.839999256655574e-05,0.0459815000067465,dp
448,inverse,100,4164,6009,6011,0.00033272334054233906,0.00012199999764561653,0.2673656999832019,dp
449,strong,50,750,1769,1775,0.0033802816901408453,7.870001718401909e-05,0.022713499958626926,dp
450,uncorrelated,100,4298,4989,4995,0.0012012012012012011,0.00027790002059191465,0.27424910000991076,dp
451,inverse,100,2960,5286,5290,0.0007561436672967864,0.00011319998884573579,0.1958022000035271,dp
452,weak,50,761,1528,1528,0.0,7.950002327561378e-05,0.022607200022321194,dp
453,weak,200,4045,8002,8007,0.0006244536030972898,0.00014409999130293727,0.5375928999856114,dp
454,weak,100,934,1944,1953,0.004608294930875576,0.00010219996329396963,0.05828429997200146,dp
455,strong,50,1128,2638,2658,0.007524454477050414,8.249998791143298e-05,0.03665780002484098,dp
456,inverse,200,7620,11398,11402,0.00035081564637782847,0.00031070003751665354,0.9970677000237629,dp
457,strong,50,426,1036,1062,0.02448210922787194,8.189998334273696e-05,0.01202329999068752,dp
458,weak,50,334,882,882,0.0,4.150002496317029e-05,0.008983700012322515,dp
459,weak,100,545,1369,1374,0.00363901018922853,6.940000457689166e-05,0.031008900026790798,dp
460,weak,200,6407,10713,10718,0.0004665049449524165,0.00015330000314861536,0.8487715999945067,dp
461,weak,50,1994,3091,3111,0.006428801028608165,8.550001075491309e-05,0.06355279998388141,dp
462,uncorrelated,50,834,1911,1914,0.001567398119122257,7.939996430650353e-05,0.026356999995186925,dp
463,strong,200,7341,16463,16472,0.0005463817387081107,0.00018199998885393143,0.9662318999762647,dp
464,strong,200,8528,18980,18990,0.000526592943654555,0.00019999995129182935,1.100908900029026,dp
465,uncorrelated,100,3282,4494,4502,0.001776988005330964,0.00011779996566474438,0.21399030002066866,dp
466,uncorrelated,200,3135,6334,6339,0.0007887679444707368,0.0001626999583095312,0.410685500013642,dp
467,strong,50,374,964,971,0.007209062821833162,7.449998520314693e-05,0.010304399998858571,dp
468,weak,200,7518,12322,12322,0.0,0.0001762000028975308,1.0033645000075921,dp
469,uncorrelated,200,2223,5554,5558,0.0007196833393306944,0.00014780001947656274,0.2872601999551989,dp
470,strong,50,1973,4416,4459,0.009643417806683112,8.600001456215978e-05,0.06275270000332966,dp
471,inverse,50,1957,2712,2712,0.0,9.099999442696571e-05,0.0615191999822855,dp
472,weak,50,915,1726,1726,0.0,7.539999205619097e-05,0.028290099988225847,dp
473,strong,50,1559,3549,3566,0.0047672462142456535,8.279999019578099e-05,0.048986799956765026,dp
474,uncorrelated,50,1045,1801,1807,0.003320420586607637,7.84999574534595e-05,0.032593199983239174,dp
475,inverse,100,1056,3738,3744,0.0016025641025641025,9.709998266771436e-05,0.06399300001794472,dp
476,weak,100,3601,5897,5903,0.001016432322547857,0.00011099997209385037,0.2333385000238195,dp
477,weak,50,315,814,821,0.008526187576126675,7.370003731921315e-05,0.00967489997856319,dp
478,inverse,50,1417,3175,3177,0.0006295247088448222,0.00010549998842179775,0.0492206999915652,dp
479,strong,50,876,2064,2103,0.018544935805991442,0.00015170004917308688,0.029642699984833598,dp
480,weak,100,2872,5023,5035,0.0023833167825223437,0.00011339999036863446,0.18891959998290986,dp
481,weak,100,4027,6309,6313,0.0006336131791541264,0.00012179999612271786,0.26581529999384657,dp
482,uncorrelated,100,1782,3592,3615,0.00636237897648686,0.00011000002268701792,0.11955900001339614,dp
483,inverse,50,882,2202,2202,0.0,7.98000255599618e-05,0.027170500019565225,dp
484,uncorrelated,50,1000,1961,1961,0.0,5.8999983593821526e-05,0.03145489998860285,dp
485,strong,50,517,1267,1287,0.01554001554001554,6.379996193572879e-05,0.01525609998498112,dp
486,weak,50,1300,2280,2280,0.0,6.009999196976423e-05,0.0402905999799259,dp
487,weak,200,1689,4167,4175,0.0019161676646706587,0.00014460005331784487,0.21598800003994256,dp
488,inverse,50,2127,2816,2816,0.0,8.379999781027436e-05,0.0685440999804996,dp
489,weak,50,2134,3384,3394,0.0029463759575721863,8.880003588274121e-05,0.07422690000385046,dp
490,inverse,50,1224,2402,2402,0.0,8.209998486563563e-05,0.03816019999794662,dp
491,inverse,200,2406,8698,8711,0.0014923659740557916,0.00016389996744692326,0.30777220003074035,dp
492,weak,100,924,2144,2151,0.0032543003254300326,0.00010200001997873187,0.0580704000312835,dp
493,weak,50,1252,2324,2362,0.016088060965283656,8.139997953549027e-05,0.04119289998197928,dp
494,inverse,100,4203,5922,5922,0.0,0.0001243999577127397,0.2702030999935232,dp
495,inverse,200,5137,10673,10673,0.0,0.00018149998504668474,0.6749414000078104,dp
496,uncorrelated,50,625,1259,1259,0.0,8.000002708286047e-05,0.01938100002007559,dp
497,inverse,100,1465,3555,3562,0.0019651880965749578,9.819999104365706e-05,0.09425399999599904,dp
498,inverse,50,545,1812,1812,0.0,7.619999814778566e-05,0.01604449999285862,dp
499,weak,50,665,1401,1422,0.014767932489451477,7.479998748749495e-05,0.020625999954063445,dp
